Domain,Status,Attractiveness,Demand,Length,Sectors,Created,Expires,Registrar
brief.charity,available,124,19%,5,"Business,Education,General,Law",,,
second.charity,available,120,23%,6,"General,Mathematics",,,
complete.charity,available,120,21%,8,"Manufacturing,Retail,Technology",,,
flat.charity,available,116,24%,4,"Construction,Real Estate",,,
equal.charity,available,116,19%,5,"Education,General,Law",,,
tenth.charity,available,116,7%,5,Mathematics,,,
tonic.charity,available,114,22%,5,"Health and Fitness,Medicine,Science",,,
above.charity,available,112,22%,5,Business,,,
hotshot.charity,available,112,14%,7,"Business,Entertainment,Sports",,,
acute.charity,available,112,9%,5,"Mathematics,Medicine,Science",,,
abstract.charity,available,108,29%,8,"Arts,Humanities,Science",,,
abiding.charity,available,106,5%,7,"General,Religion",,,
active.charity,available,104,27%,6,"Health and Fitness,Sports,Travel",,,
expert.charity,available,104,26%,6,"Business,Education,Technology",,,
teen.charity,resell,104,14%,4,"Education,Entertainment,Healthcare",26/07/2024 03:26,26/07/2026 03:26,"NameCheap, Inc."
absent.charity,available,102,8%,6,"Business,Education,Technology",,,
captive.charity,available,102,14%,7,"Entertainment,Hospitality,Technology",,,
eight.charity,available,102,23%,5,"General,Mathematics",,,
extra.charity,available,102,26%,5,"Fashion,Retail,Technology",,,
abrupt.charity,available,100,3%,6,"Medicine,Science",,,
adjunct.charity,available,100,5%,7,Education,,,
sixth.charity,available,100,8%,5,Mathematics,,,
crack.charity,available,100,20%,5,Sports,,,
whiz.charity,available,100,12%,4,"Business,Education,Technology",,,
eighth.charity,available,100,6%,6,Mathematics,,,
remove.charity,available,100,13%,6,"Construction,Manufacturing,Technology",,,
ninth.charity,available,100,9%,5,Mathematics,,,
third.charity,available,100,16%,5,Mathematics,,,
genius.charity,expired,98,46%,6,"Arts,Education,Technology",20/06/2020 08:40,20/06/2025 08:40,"GoDaddy.com, LLC"
whizz.charity,available,98,11%,5,"Business,Education,Technology",,,
academic.charity,available,96,20%,8,"Education,Humanities,Science",,,
alamode.charity,available,96,12%,9,Fashion,,,
doable.charity,available,96,9%,6,"Business,Education,Technology",,,
actual.charity,available,96,22%,6,"Real Estate,Retail,Technology",,,
forgiving.charity,available,96,3%,9,"Healthcare,Religion",,,
virtuoso.charity,available,94,16%,8,"Arts,Entertainment",,,
adequate.charity,available,94,9%,8,"Education,Healthcare,Technology",,,
about.charity,available,94,28%,5,"Business,General,Media,Technology",,,
abject.charity,available,94,7%,6,Humanities,,,
around.charity,available,94,22%,6,"Business,General,Media,Technology",,,
abroad.charity,available,92,12%,6,"Hospitality,Travel",,,
nought.charity,available,92,4%,6,Mathematics,,,
adept.charity,available,92,24%,5,"Education,Health and Fitness,Sports",,,
adjective.charity,available,92,5%,9,Education,,,
twentieth.charity,available,92,3%,9,Mathematics,,,
next.charity,expiring,92,43%,4,"Retail,Technology,Transportation",10/09/2018 11:30,10/09/2025 11:30,"CSC Corporate Domains, Inc."
neutral.charity,available,92,20%,7,"Business,Media,Politics",,,
derelict.charity,available,92,7%,8,"Construction,Real Estate",,,
exemplary.charity,available,92,5%,9,"Business,Education,Healthcare",,,
additional.charity,available,90,8%,10,"Fashion,Retail,Technology",,,
abortive.charity,available,90,1%,8,"Medicine,Science",,,
riveting.charity,available,90,6%,8,"Entertainment,Media,Technology",,,
adoring.charity,available,90,2%,7,"Entertainment,Fashion,Retail",,,
leash.charity,available,90,7%,5,"General,Health and Fitness,Retail",,,
endearing.charity,available,90,1%,9,"Entertainment,Fashion,Retail",,,
gripping.charity,available,90,3%,8,"Entertainment,Media,Technology",,,
addictive.charity,available,90,9%,9,Healthcare,,,
wide.charity,available,88,18%,4,"Business,Media,Technology",,,
adlib.charity,available,88,7%,6,Entertainment,,,
fifteen.charity,available,88,13%,7,Mathematics,,,
sixteen.charity,available,88,11%,7,Mathematics,,,
actionable.charity,available,88,13%,10,"Business,Law",,,
hundred.charity,available,88,14%,7,Mathematics,,,
ace.charity,available,88,34%,3,Sports,,,
proficient.charity,available,88,8%,10,"Education,Health and Fitness,Sports",,,
twelve.charity,available,88,18%,6,"General,Mathematics",,,
three.charity,available,88,24%,5,Mathematics,,,
eleven.charity,available,88,33%,6,Mathematics,,,
ten.charity,available,88,28%,3,"General,Mathematics",,,
engrossing.charity,available,86,0%,10,"Entertainment,Media,Technology",,,
intent.charity,available,86,25%,6,"Business,Education,Technology",,,
cipher.charity,available,86,29%,6,Mathematics,,,
xiv.charity,available,86,12%,3,Mathematics,,,
star.charity,available,86,40%,4,"Entertainment,Media,Sports",,,
aboriginal.charity,available,86,10%,10,Humanities,,,
attendant.charity,available,86,5%,9,"Healthcare,Hospitality,Transportation",,,
adolescent.charity,available,86,3%,10,"Education,Entertainment,Healthcare",,,
recondite.charity,available,86,4%,9,"Arts,Humanities,Science",,,
xix.charity,available,86,11%,3,Mathematics,,,
extempore.charity,available,86,3%,9,Entertainment,,,
accessory.charity,available,84,8%,9,"Fashion,Retail,Technology",,,
deviate.charity,available,84,12%,7,"Medicine,Science",,,
nineteen.charity,available,84,8%,8,Mathematics,,,
twentytwo.charity,available,84,11%,10,Mathematics,,,
fourteen.charity,available,84,8%,8,Mathematics,,,
seventeen.charity,available,84,7%,9,Mathematics,,,
twentyone.charity,available,84,13%,10,Mathematics,,,
thousand.charity,available,84,8%,8,Mathematics,,,
thirteen.charity,available,84,10%,8,Mathematics,,,
grand.charity,available,84,25%,5,"Finance,General",,,
adjustable.charity,available,84,3%,10,"Manufacturing,Retail,Technology",,,
sharp.charity,available,84,34%,5,"Arts,Fashion",,,
acting.charity,available,84,12%,6,Entertainment,,,
impromptu.charity,available,82,16%,9,Entertainment,,,
absorbent.charity,available,82,3%,9,"Healthcare,Manufacturing,Retail",,,
altered.charity,available,82,9%,7,"Medicine,Science",,,
abkhaz.charity,available,82,1%,6,Geography,,,
abdominal.charity,available,82,1%,9,"Health and Fitness,Medicine",,,
enduring.charity,available,82,9%,8,"Health and Fitness,Religion",,,
cleansing.charity,available,82,3%,9,Health and Fitness,,,
good.charity,available,82,47%,4,"Food and Beverage,General,Health and Fitness,Retail",,,
dozen.charity,available,82,10%,5,Mathematics,,,
fivesome.charity,available,82,1%,8,Sports,,,
decade.charity,available,82,10%,6,Mathematics,,,
abenaki.charity,available,82,2%,7,Geography,,,
abroach.charity,available,82,1%,7,Food and Beverage,,,
twenty.charity,available,80,12%,6,Mathematics,,,
dorsal.charity,available,80,6%,6,"Medicine,Science",,,
abundant.charity,available,80,19%,8,"Agriculture,Manufacturing,Retail",,,
worshipful.charity,available,80,1%,10,"Education,Healthcare,Religion",,,
two.charity,available,80,24%,3,Mathematics,,,
absolute.charity,available,80,25%,8,"Engineering,Mathematics,Science",,,
capable.charity,available,80,12%,7,"Business,Education,Technology",,,
forty.charity,available,80,9%,5,Mathematics,,,
absurd.charity,available,80,16%,6,"Arts,Entertainment,Media",,,
superstar.charity,available,80,18%,9,Entertainment,,,
absorbable.charity,available,80,0%,10,"Healthcare,Pharmaceuticals,Science",,,
yard.charity,available,80,26%,4,"Construction,General",,,
some.charity,available,80,32%,4,"Business,Media,Retail",,,
nine.charity,available,80,24%,4,"General,Mathematics",,,
trio.charity,available,80,21%,4,Entertainment,,,
wiz.charity,available,80,30%,3,"Business,Education,Technology",,,
able.charity,available,80,29%,4,"Business,Education,General,Technology",,,
adoptable.charity,available,80,3%,9,"Education,Healthcare",,,
sequent.charity,available,80,7%,7,"Healthcare,Insurance,Transportation",,,
seventh.charity,available,80,10%,7,Mathematics,,,
abkhasian.charity,available,78,1%,9,Geography,,,
accurate.charity,available,78,16%,8,"Engineering,Mathematics,Science",,,
abounding.charity,available,78,2%,9,Agriculture,,,
twentysix.charity,available,78,8%,10,Mathematics,,,
accepted.charity,available,78,6%,8,"Business,Education,Technology",,,
recognized.charity,available,78,3%,10,"Business,Education,Technology",,,
absorptive.charity,available,78,1%,10,"Healthcare,Manufacturing,Retail",,,
adrenal.charity,available,78,4%,7,"Education,Healthcare,Science",,,
accidental.charity,available,78,11%,10,"Healthcare,Insurance,Transportation",,,
acceptable.charity,available,78,5%,10,"Business,Hospitality,Retail",,,
athletic.charity,available,78,15%,8,"Health and Fitness,Sports",,,
adjacent.charity,available,78,9%,8,"Construction,Real Estate,Retail",,,
honestly.charity,available,78,9%,8,"Business,Law",,,
abkhazian.charity,available,78,1%,9,Geography,,,
acceptant.charity,available,78,1%,9,"Education,Healthcare",,,
adorable.charity,available,78,8%,8,"Entertainment,Fashion,Retail",,,
low.charity,available,78,20%,3,"Business,Finance",,,
dormant.charity,available,78,4%,7,"Medicine,Science",,,
accessible.charity,available,78,21%,10,"Healthcare,Retail,Technology",,,
sixtynine.charity,available,78,8%,10,Mathematics,,,
recognised.charity,available,78,3%,10,"Business,Education,Technology",,,
energizing.charity,available,76,3%,10,"Food and Beverage,Health and Fitness,Travel",,,
fourteenth.charity,available,76,1%,10,Mathematics,,,
eighteen.charity,available,76,7%,8,Mathematics,,,
firstrate.charity,available,76,6%,10,Business,,,
adaptive.charity,available,76,28%,8,"Business,Education,Technology",,,
ventral.charity,available,76,3%,7,Science,,,
adaptable.charity,available,76,9%,9,"Business,Education,Technology",,,
obscene.charity,available,76,5%,7,"Entertainment,Media",,,
ague.charity,available,76,2%,4,"Geography,Medicine,Science",,,
fifteenth.charity,available,76,2%,9,Mathematics,,,
ancillary.charity,available,76,6%,9,"Healthcare,Manufacturing,Technology",,,
adipose.charity,available,76,2%,7,"Healthcare,Science",,,
thousandth.charity,available,76,1%,10,Mathematics,,,
thirteenth.charity,available,76,4%,10,Mathematics,,,
incidental.charity,available,76,4%,10,"Healthcare,Insurance,Transportation",,,
improvise.charity,available,76,4%,9,Entertainment,,,
addable.charity,available,76,2%,7,"Engineering,Mathematics,Science",,,
threed.charity,available,76,7%,7,Technology,,,
resultant.charity,available,76,2%,9,"Healthcare,Insurance,Transportation",,,
acoustic.charity,available,76,14%,8,Science,,,
adherent.charity,available,76,4%,8,"Politics,Religion",,,
auxiliary.charity,available,76,7%,9,"Healthcare,Manufacturing,Technology",,,
abrasive.charity,available,76,6%,8,"Construction,Manufacturing",,,
nineteenth.charity,available,76,3%,10,Mathematics,,,
hundredth.charity,available,76,1%,9,Mathematics,,,
adhesive.charity,available,76,7%,8,"Construction,Manufacturing,Technology",,,
adrenergic.charity,available,74,1%,10,"Education,Healthcare,Science",,,
achievable.charity,available,74,4%,10,"Business,Education,Technology",,,
admirable.charity,available,74,5%,9,"Business,Education,Healthcare",,,
broad.charity,available,74,13%,5,"Entertainment,General,Media",,,
adenoid.charity,available,74,1%,7,"Health and Fitness,Medicine,Science",,,
cleared.charity,available,74,7%,7,"Healthcare,Law,Transportation",,,
sensation.charity,available,74,7%,9,"Entertainment,Media,Sports",,,
skilful.charity,available,74,3%,7,"Education,Health and Fitness,Sports",,,
adamant.charity,available,74,14%,7,Religion,,,
playing.charity,available,74,12%,7,Entertainment,,,
single.charity,available,74,19%,6,Sports,,,
activated.charity,available,74,9%,9,"Healthcare,Manufacturing,Technology",,,
mavin.charity,available,74,7%,5,"Entertainment,Fashion,Technology",,,
adapted.charity,available,74,6%,7,"Healthcare,Manufacturing,Technology",,,
realizable.charity,available,74,1%,10,"Business,Education,Technology",,,
abnormal.charity,available,74,16%,8,"Medicine,Science",,,
acuate.charity,available,74,2%,6,"Engineering,Medicine,Science",,,
manageable.charity,available,74,4%,10,"Business,Education,Technology",,,
accepting.charity,available,74,3%,9,"Education,Healthcare",,,
supra.charity,available,74,25%,5,"Medicine,Science",,,
aberrant.charity,available,74,6%,8,"Medicine,Science",,,
champion.charity,expiring,72,28%,8,"Entertainment,Health and Fitness,Sports",25/08/2024 14:03,25/08/2025 14:03,Porkbun LLC
aching.charity,available,72,4%,6,Healthcare,,,
ablaze.charity,available,72,6%,6,Entertainment,,,
adaptative.charity,available,72,1%,10,"Business,Education,Technology",,,
sixtieth.charity,available,72,1%,8,Mathematics,,,
eightieth.charity,available,72,1%,9,Mathematics,,,
ninetieth.charity,available,72,1%,9,Mathematics,,,
trey.charity,available,72,14%,4,Sports,,,
absorbed.charity,available,72,2%,8,"Entertainment,Media,Technology",,,
existent.charity,available,72,3%,8,"Mathematics,Science",,,
abreast.charity,available,72,2%,7,"Business,Technology",,,
accustomed.charity,available,72,1%,10,"Business,Education,Humanities",,,
seventieth.charity,available,72,1%,10,Mathematics,,,
adjunctive.charity,available,72,1%,10,"Healthcare,Manufacturing,Technology",,,
engrossed.charity,available,72,1%,9,"Entertainment,Media,Technology",,,
adonic.charity,available,72,2%,6,"Arts,Education,Entertainment",,,
trinity.charity,available,72,18%,7,Religion,,,
absolutist.charity,available,72,1%,10,"Humanities,Law,Politics",,,
accusative.charity,available,72,0%,10,"Humanities,Law",,,
abloom.charity,available,72,5%,6,Agriculture,,,
addicted.charity,available,72,9%,8,Healthcare,,,
adiabatic.charity,available,72,3%,9,"Engineering,Science",,,
liv.charity,available,72,27%,3,Mathematics,,,
deep.charity,available,72,41%,4,"Engineering,Mathematics,Science",,,
adjectival.charity,available,72,1%,10,Education,,,
ternary.charity,available,72,7%,7,Mathematics,,,
improvize.charity,available,72,1%,9,Entertainment,,,
lovely.charity,available,72,26%,6,"Entertainment,Fashion,Retail",,,
stillborn.charity,available,70,2%,9,"Medicine,Science",,,
gymnastic.charity,available,70,3%,9,"Entertainment,Sports",,,
adjusted.charity,available,70,5%,8,"Manufacturing,Retail,Technology",,,
adamantine.charity,available,70,4%,10,Religion,,,
acuminate.charity,available,70,1%,9,"Engineering,Medicine,Science",,,
skillful.charity,available,70,9%,8,"Education,Health and Fitness,Sports",,,
consequent.charity,available,70,3%,10,"Business,Education,General,Technology",,,
abulic.charity,available,70,1%,6,Medicine,,,
offhand.charity,available,70,2%,7,Entertainment,,,
admired.charity,available,70,5%,7,"Business,Education,Healthcare",,,
accumbent.charity,available,70,1%,9,"Healthcare,Medicine,Science",,,
abradant.charity,available,70,1%,8,"Construction,Manufacturing",,,
miserable.charity,available,70,4%,9,Humanities,,,
practiced.charity,available,70,3%,9,"Education,Health and Fitness,Sports",,,
adored.charity,available,70,6%,6,"Entertainment,Fashion,Retail",,,
absorbing.charity,available,70,3%,9,"Entertainment,Media,Technology",,,
tiptop.charity,available,70,24%,6,Fashion,,,
recumbent.charity,available,70,2%,9,"Healthcare,Medicine,Science",,,
lowdown.charity,available,70,6%,8,"Entertainment,Media",,,
acerate.charity,available,68,1%,7,Science,,,
fortieth.charity,available,68,0%,8,Mathematics,,,
ennead.charity,available,68,5%,6,Mathematics,,,
aculeate.charity,available,68,1%,8,"Engineering,Medicine,Science",,,
foursome.charity,available,68,4%,8,Sports,,,
septenary.charity,available,68,1%,9,Mathematics,,,
abkhas.charity,available,68,0%,6,Geography,,,
ane.charity,available,68,12%,3,Mathematics,,,
aroused.charity,available,68,3%,7,"Entertainment,Health and Fitness",,,
scurvy.charity,available,68,3%,6,Humanities,,,
abnaki.charity,available,68,1%,6,Geography,,,
vindicated.charity,available,68,2%,10,"Humanities,Law,Politics",,,
achaean.charity,available,68,2%,7,Humanities,,,
fiftieth.charity,available,68,0%,8,Mathematics,,,
licenced.charity,available,68,2%,8,"Business,Healthcare,Insurance",,,
achaian.charity,available,68,2%,7,Humanities,,,
abducent.charity,available,68,0%,8,Medicine,,,
sevener.charity,available,68,1%,7,Mathematics,,,
disciple.charity,available,68,14%,8,"Education,Religion",,,
aberdonian.charity,available,68,1%,10,Geography,,,
thirtieth.charity,available,68,1%,9,Mathematics,,,
decorated.charity,available,68,3%,9,"Entertainment,Fashion,Retail",,,
ablative.charity,available,68,3%,8,Science,,,
threesome.charity,available,68,5%,9,Entertainment,,,
stygian.charity,available,68,5%,7,Humanities,,,
accredited.charity,available,68,9%,10,"Business,Education,Healthcare",,,
overseas.charity,available,68,12%,8,"Hospitality,Travel",,,
octonary.charity,available,68,1%,8,Mathematics,,,
activating.charity,available,68,3%,10,"Healthcare,Manufacturing,Technology",,,
licensed.charity,available,68,5%,8,"Business,Healthcare,Insurance",,,
exonerated.charity,available,66,2%,10,"Humanities,Law,Politics",,,
xxi.charity,available,66,10%,3,Mathematics,,,
adopted.charity,available,66,4%,7,"Education,Healthcare",,,
performing.charity,available,66,6%,10,Entertainment,,,
xxv.charity,available,66,6%,3,Mathematics,,,
adorned.charity,available,66,5%,7,"Entertainment,Fashion,Retail",,,
acappella.charity,available,66,6%,10,Entertainment,,,
onec.charity,available,66,6%,5,Mathematics,,,
modish.charity,available,66,5%,6,Fashion,,,
ninety.charity,available,66,11%,6,Mathematics,,,
acrobatic.charity,available,66,4%,9,"Entertainment,Sports",,,
abstinent.charity,available,66,1%,9,"Health and Fitness,Religion",,,
maven.charity,available,66,30%,5,"Entertainment,Fashion,Technology",,,
xxii.charity,available,66,6%,4,Mathematics,,,
thirty.charity,available,66,8%,6,Mathematics,,,
deuce.charity,available,66,9%,5,Sports,,,
four.charity,available,66,27%,4,Mathematics,,,
five.charity,available,66,26%,4,Mathematics,,,
fifty.charity,available,66,12%,5,Mathematics,,,
accessary.charity,available,66,1%,9,"Business,Law,Technology",,,
eighty.charity,available,66,6%,6,Mathematics,,,
xviii.charity,available,66,5%,5,Mathematics,,,
century.charity,available,66,17%,7,Education,,,
xvii.charity,available,66,5%,4,Mathematics,,,
latest.charity,available,66,18%,6,Technology,,,
six.charity,available,66,26%,3,Mathematics,,,
xiii.charity,available,66,9%,4,Mathematics,,,
xxvi.charity,available,66,3%,4,Mathematics,,,
xvi.charity,available,66,5%,3,Mathematics,,,
teenager.charity,available,66,4%,8,"Education,Entertainment,Healthcare",,,
tenner.charity,available,66,5%,6,Finance,,,
xii.charity,available,66,10%,3,Mathematics,,,
according.charity,available,66,3%,9,"Business,Education,Technology",,,
acervate.charity,available,66,1%,8,Science,,,
buzzing.charity,available,66,7%,7,"Entertainment,Media,Technology",,,
clv.charity,available,66,10%,3,Mathematics,,,
sextet.charity,available,66,1%,6,Entertainment,,,
astringent.charity,available,64,1%,10,"Healthcare,Pharmaceuticals",,,
deviant.charity,available,64,12%,7,"Medicine,Science",,,
accordant.charity,available,64,3%,9,"Arts,Entertainment",,,
adagio.charity,available,64,14%,6,Entertainment,,,
acentric.charity,available,64,2%,8,Science,,,
nondrinker.charity,available,64,1%,10,"Health and Fitness,Religion",,,
scatty.charity,available,64,1%,6,"Arts,Entertainment,Media",,,
absolved.charity,available,64,1%,8,"Humanities,Law,Religion",,,
aflame.charity,available,64,3%,6,Entertainment,,,
activistic.charity,available,62,1%,10,"Humanities,Politics",,,
orso.charity,available,62,9%,5,"Business,Media,Technology",,,
aborigine.charity,available,62,1%,9,Humanities,,,
ensuant.charity,available,62,1%,7,"Healthcare,Insurance,Transportation",,,
activation.charity,available,62,16%,10,"Healthcare,Manufacturing,Technology",,,
troika.charity,available,62,8%,6,Politics,,,
admissible.charity,available,62,1%,10,"Education,Healthcare,Law",,,
aufait.charity,available,62,3%,7,"Fashion,Media",,,
chiliad.charity,available,62,2%,7,Mathematics,,,
eleventh.charity,available,62,5%,8,Mathematics,,,
accrued.charity,available,62,2%,7,"Banking,Finance,Insurance",,,
adjuvant.charity,available,62,5%,8,"Healthcare,Manufacturing,Technology",,,
sixteenth.charity,available,62,1%,9,Mathematics,,,
twodozen.charity,available,62,1%,9,Mathematics,,,
longdozen.charity,available,62,2%,10,Mathematics,,,
eighteenth.charity,available,62,1%,10,Mathematics,,,
cumulative.charity,available,62,2%,10,"Banking,Finance,Insurance",,,
abo.charity,available,62,15%,3,Science,,,
fortyfour.charity,available,62,6%,10,Mathematics,,,
wrapped.charity,available,62,13%,7,"Fashion,Hospitality,Retail",,,
accusing.charity,available,62,1%,8,Law,,,
exculpated.charity,available,62,1%,10,"Humanities,Law,Politics",,,
roughly.charity,available,62,3%,7,"Business,Media,Technology",,,
quartet.charity,available,62,7%,7,"Arts,Entertainment",,,
pungent.charity,available,62,1%,7,Food and Beverage,,,
acidic.charity,available,62,5%,6,"Food and Beverage,Science",,,
adoptive.charity,available,62,1%,8,"Education,Healthcare",,,
playacting.charity,available,62,1%,10,Entertainment,,,
nail.charity,available,62,16%,4,"Construction,Fashion,General,Retail",,,
adnate.charity,available,60,1%,6,"Agriculture,Manufacturing,Retail",,,
clxxv.charity,available,60,1%,5,Mathematics,,,
paunchy.charity,available,60,0%,7,"Health and Fitness,Medicine",,,
aboveboard.charity,available,60,5%,10,"Business,Law",,,
cxxxv.charity,available,60,2%,5,Mathematics,,,
abstemious.charity,available,60,0%,10,"Food and Beverage,Health and Fitness,Hospitality",,,
acceptive.charity,available,60,1%,9,"Education,Healthcare",,,
abstainer.charity,available,60,0%,9,"Health and Fitness,Religion",,,
adnexal.charity,available,60,1%,7,"Agriculture,Manufacturing,Retail",,,
cxv.charity,available,60,4%,3,Mathematics,,,
abashed.charity,available,60,1%,7,Humanities,,,
tertiary.charity,available,60,4%,8,Education,,,
cautionary.charity,available,60,1%,10,"Business,Education,Healthcare",,,
clxv.charity,available,60,1%,4,Mathematics,,,
cxx.charity,available,60,10%,3,Mathematics,,,
cxxx.charity,available,60,4%,4,Mathematics,,,
eightysix.charity,available,60,7%,10,Mathematics,,,
sixty.charity,available,60,13%,5,Mathematics,,,
cxxv.charity,available,60,1%,4,Mathematics,,,
octet.charity,available,60,12%,5,Arts,,,
clxxx.charity,available,60,1%,5,Mathematics,,,
clx.charity,available,60,10%,3,Mathematics,,,
cxlv.charity,available,60,2%,4,Mathematics,,,
cxl.charity,available,60,7%,3,Mathematics,,,
annexal.charity,available,60,1%,7,"Agriculture,Manufacturing,Retail",,,
idolised.charity,available,60,1%,8,"Entertainment,Fashion,Retail",,,
xcl.charity,available,60,5%,3,Mathematics,,,
clxx.charity,available,60,3%,4,Mathematics,,,
thou.charity,available,60,7%,4,Mathematics,,,
idolized.charity,available,60,3%,8,"Entertainment,Fashion,Retail",,,
tercet.charity,available,59,2%,6,"Arts,Entertainment,Media",,,
addible.charity,available,58,2%,7,"Engineering,Mathematics,Science",,,
sextuplet.charity,available,58,1%,9,Healthcare,,,
acetic.charity,available,58,1%,6,"Food and Beverage,Science",,,
fourscore.charity,available,58,4%,9,Mathematics,,,
abridged.charity,available,58,4%,8,Media,,,
accoutred.charity,available,58,1%,9,"Fashion,Manufacturing,Retail",,,
abuzz.charity,available,58,5%,5,"Entertainment,Media,Technology",,,
octad.charity,available,58,5%,5,Mathematics,,,
alacarte.charity,available,58,11%,10,Food and Beverage,,,
abandoned.charity,available,58,10%,9,"Construction,Real Estate",,,
twelfth.charity,available,58,2%,7,Mathematics,,,
seventy.charity,available,58,7%,7,Mathematics,,,
sixer.charity,available,58,5%,5,Sports,,,
closeto.charity,available,58,3%,8,"Business,Media,Technology",,,
hexad.charity,available,58,4%,5,Mathematics,,,
sixtyone.charity,available,58,3%,9,Mathematics,,,
adient.charity,available,58,4%,6,"Medicine,Science",,,
aucourant.charity,available,58,3%,10,"Fashion,Media",,,
lxxviii.charity,available,58,1%,7,Mathematics,,,
acyclic.charity,available,58,4%,7,"Engineering,Mathematics,Science",,,
seven.charity,expired,58,36%,5,Mathematics,04/07/2024 18:27,04/07/2025 18:27,"GoDaddy.com, LLC"
heptad.charity,available,58,1%,6,Mathematics,,,
abused.charity,available,58,5%,6,"Healthcare,Law",,,
quintet.charity,available,58,8%,7,"Arts,Entertainment",,,
pentad.charity,available,58,2%,6,Mathematics,,,
justabout.charity,available,58,3%,10,"Business,Media,Technology",,,
centesimal.charity,available,58,1%,10,Mathematics,,,
enwrapped.charity,available,58,0%,9,"Entertainment,Fashion,Media",,,
accented.charity,available,58,3%,8,"Arts,Entertainment",,,
niner.charity,available,58,5%,5,Mathematics,,,
adhoc.charity,available,58,24%,6,"Business,Engineering,Technology",,,
fourth.charity,available,58,13%,6,Mathematics,,,
ache.charity,available,58,7%,4,Healthcare,,,
cypher.charity,available,58,29%,6,Mathematics,,,
accretive.charity,available,58,6%,9,"Banking,Finance,Insurance",,,
linear.charity,available,58,22%,6,"Engineering,Mathematics,Science",,,
eighter.charity,available,58,2%,7,Mathematics,,,
fifth.charity,available,58,12%,5,Mathematics,,,
adjustive.charity,available,58,1%,9,"Manufacturing,Retail,Technology",,,
lxxx.charity,available,58,2%,4,Mathematics,,,
tetrad.charity,available,58,5%,6,Mathematics,,,
actuarial.charity,available,58,8%,9,"Finance,Insurance,Mathematics",,,
addressed.charity,available,58,3%,9,"Business,Technology,Telecommunications",,,
offhanded.charity,available,58,1%,9,Entertainment,,,
fiftyfive.charity,available,56,7%,10,Mathematics,,,
lvii.charity,available,56,1%,4,Mathematics,,,
abdominous.charity,available,56,0%,10,"Health and Fitness,Medicine",,,
xxxvii.charity,available,56,2%,6,Mathematics,,,
fiftynine.charity,available,56,4%,10,Mathematics,,,
lviii.charity,available,56,1%,5,Mathematics,,,
abeyant.charity,available,56,1%,7,"Business,Law",,,
fortytwo.charity,available,56,17%,9,Mathematics,,,
xli.charity,available,56,5%,3,Mathematics,,,
xxxvi.charity,available,56,1%,5,Mathematics,,,
triad.charity,available,56,15%,5,Arts,,,
fiftyone.charity,available,56,7%,9,Mathematics,,,
xxxiii.charity,available,56,2%,6,Mathematics,,,
lii.charity,available,56,7%,3,Mathematics,,,
xliv.charity,available,56,2%,4,Mathematics,,,
fiftysix.charity,available,56,4%,9,Mathematics,,,
xxix.charity,available,56,4%,4,Mathematics,,,
xxxviii.charity,available,56,1%,7,Mathematics,,,
xliii.charity,available,56,1%,5,Mathematics,,,
thirtysix.charity,available,56,5%,10,Mathematics,,,
fortyone.charity,available,56,4%,9,Mathematics,,,
admittible.charity,available,56,1%,10,"Education,Healthcare,Hospitality",,,
xlv.charity,available,56,6%,3,Mathematics,,,
xxxiv.charity,available,56,1%,5,Mathematics,,,
xxiii.charity,available,56,5%,5,Mathematics,,,
appressed.charity,available,56,0%,9,"Agriculture,Manufacturing,Retail",,,
ilx.charity,available,56,5%,3,Mathematics,,,
lvi.charity,available,56,8%,3,Mathematics,,,
xxvii.charity,available,56,3%,5,Mathematics,,,
fiftyfour.charity,available,56,3%,10,Mathematics,,,
xlii.charity,available,56,5%,4,Mathematics,,,
xxiv.charity,available,56,5%,4,Mathematics,,,
xlviii.charity,available,56,1%,6,Mathematics,,,
admittable.charity,available,56,1%,10,"Education,Healthcare,Hospitality",,,
liii.charity,available,56,4%,4,Mathematics,,,
addled.charity,available,56,2%,6,Entertainment,,,
halfdozen.charity,available,56,1%,10,Mathematics,,,
maledict.charity,available,56,1%,8,Religion,,,
fortysix.charity,available,56,3%,9,Mathematics,,,
thirtytwo.charity,available,56,5%,10,Mathematics,,,
fortynine.charity,available,56,3%,10,Mathematics,,,
accoutered.charity,available,56,0%,10,"Fashion,Manufacturing,Retail",,,
xlvii.charity,available,56,2%,5,Mathematics,,,
admissive.charity,available,56,1%,9,"Education,Healthcare,Hospitality",,,
xxxi.charity,available,56,9%,4,Mathematics,,,
xxxv.charity,available,56,4%,4,Mathematics,,,
xxviii.charity,available,56,1%,6,Mathematics,,,
xxxii.charity,available,56,1%,5,Mathematics,,,
terzetto.charity,available,56,3%,8,Arts,,,
fiftytwo.charity,available,56,6%,9,Mathematics,,,
thirtyone.charity,available,56,5%,10,Mathematics,,,
xlvi.charity,available,56,3%,4,Mathematics,,,
aone.charity,available,56,15%,5,Food and Beverage,,,
potbellied.charity,available,56,0%,10,"Health and Fitness,Medicine",,,
abaxial.charity,available,54,1%,7,Science,,,
deuceace.charity,available,54,2%,9,Sports,,,
adducent.charity,available,54,1%,8,"Engineering,Mathematics,Science",,,
adducting.charity,available,54,1%,9,"Engineering,Mathematics,Science",,,
abhorrent.charity,available,54,1%,9,Humanities,,,
achromatic.charity,available,54,4%,10,Science,,,
acoustical.charity,available,54,4%,10,Science,,,
abient.charity,available,54,1%,6,Science,,,
abatable.charity,available,54,1%,8,Law,,,
quaternion.charity,available,54,6%,10,Mathematics,,,
viii.charity,available,54,6%,4,Mathematics,,,
adductive.charity,available,54,0%,9,"Engineering,Mathematics,Science",,,
adaxial.charity,available,54,2%,7,Science,,,
aboral.charity,available,54,2%,6,Science,,,
sise.charity,available,54,5%,4,Mathematics,,,
unnatural.charity,available,54,4%,9,"Medicine,Science",,,
fortyfive.charity,available,54,4%,10,Mathematics,,,
adjuratory.charity,available,54,0%,10,"Law,Politics,Religion",,,
abatic.charity,available,54,1%,6,Science,,,
ternion.charity,available,54,3%,7,Mathematics,,,
quadruplet.charity,available,54,1%,10,"Healthcare,Medicine,Science",,,
abasic.charity,available,54,1%,6,Science,,,
admonitory.charity,available,54,0%,10,"Business,Education,Healthcare",,,
abducens.charity,available,54,1%,8,Medicine,,,
quaternity.charity,available,54,4%,10,Mathematics,,,
iii.charity,available,54,24%,3,Mathematics,,,
threescore.charity,available,54,1%,10,Mathematics,,,
actuated.charity,available,54,2%,8,"Automotive,Manufacturing,Technology",,,
quatern.charity,available,54,2%,7,Mathematics,,,
scratchy.charity,available,54,3%,8,Fashion,,,
topnotch.charity,available,54,18%,8,Business,,,
quintuplet.charity,available,54,1%,10,"Healthcare,Medicine,Science",,,
deserted.charity,available,54,3%,8,"Hospitality,Real Estate",,,
twoscore.charity,available,54,2%,8,Mathematics,,,
accursed.charity,available,54,3%,8,"Entertainment,Media,Religion",,,
vii.charity,available,54,13%,3,Mathematics,,,
fin.charity,available,54,30%,3,Finance,,,
achy.charity,available,54,3%,4,Healthcare,,,
accentual.charity,available,54,3%,9,"Arts,Entertainment",,,
monitory.charity,available,54,3%,8,"Business,Education,Healthcare",,,
adpressed.charity,available,54,0%,9,"Agriculture,Manufacturing,Retail",,,
sestet.charity,available,53,1%,6,Arts,,,
xxx.charity,available,53,30%,3,"Arts,Entertainment,Media",,,
septet.charity,available,53,1%,6,General,,,
xciii.charity,available,52,1%,5,Mathematics,,,
lxviii.charity,available,52,1%,6,Mathematics,,,
sixtyfive.charity,available,52,3%,10,Mathematics,,,
abusive.charity,available,52,3%,7,"Healthcare,Law",,,
xcv.charity,available,52,7%,3,Mathematics,,,
lxv.charity,available,52,5%,3,Mathematics,,,
xcvi.charity,available,52,2%,4,Mathematics,,,
lxvi.charity,available,52,3%,4,Mathematics,,,
abysmal.charity,available,52,4%,7,"Arts,Entertainment,Media",,,
ixc.charity,available,52,5%,3,Mathematics,,,
aboulic.charity,available,52,1%,7,Medicine,,,
lxxvii.charity,available,52,2%,6,Mathematics,,,
littlejoe.charity,available,52,2%,10,"Entertainment,Media",,,
lxxxv.charity,available,52,1%,5,Mathematics,,,
eightytwo.charity,available,52,4%,10,Mathematics,,,
lxxxiv.charity,available,52,1%,6,Mathematics,,,
ninetytwo.charity,available,52,4%,10,Mathematics,,,
lxvii.charity,available,52,1%,5,Mathematics,,,
ablated.charity,available,52,1%,7,Science,,,
xciv.charity,available,52,2%,4,Mathematics,,,
sixtyfour.charity,available,52,3%,10,Mathematics,,,
lxxxvi.charity,available,52,1%,6,Mathematics,,,
adenoidal.charity,available,52,1%,9,"Health and Fitness,Medicine,Science",,,
ixl.charity,available,52,9%,3,Mathematics,,,
xcii.charity,available,52,2%,4,Mathematics,,,
lxxiv.charity,available,52,1%,5,Mathematics,,,
tierce.charity,available,52,3%,6,General,,,
lxxv.charity,available,52,1%,4,Mathematics,,,
lxxxii.charity,available,52,1%,6,Mathematics,,,
xci.charity,available,52,4%,3,Mathematics,,,
lxii.charity,available,52,1%,4,Mathematics,,,
xcvii.charity,available,52,1%,5,Mathematics,,,
sixtysix.charity,available,52,4%,9,Mathematics,,,
odious.charity,available,52,2%,6,"Entertainment,Humanities",,,
sixtytwo.charity,available,52,3%,9,Mathematics,,,
lxxxi.charity,available,52,1%,5,Mathematics,,,
lxxxiii.charity,available,52,1%,7,Mathematics,,,
repulsive.charity,available,52,1%,9,Humanities,,,
ninetyone.charity,available,52,5%,10,Mathematics,,,
lxxxvii.charity,available,52,1%,7,Mathematics,,,
uphill.charity,available,52,7%,6,"Sports,Transportation,Travel",,,
lxxvi.charity,available,52,1%,5,Mathematics,,,
chagrined.charity,available,52,1%,9,Humanities,,,
ninetysix.charity,available,52,4%,10,Mathematics,,,
lxxi.charity,available,52,1%,4,Mathematics,,,
abstruse.charity,available,52,5%,8,"Humanities,Mathematics,Science",,,
lxxiii.charity,available,52,1%,6,Mathematics,,,
lxiv.charity,available,52,3%,4,Mathematics,,,
detestable.charity,available,52,1%,10,Humanities,,,
eightyone.charity,available,52,3%,10,Mathematics,,,
lxi.charity,available,52,5%,3,Mathematics,,,
abominable.charity,available,52,2%,10,"Entertainment,Humanities",,,
lxxii.charity,available,52,1%,5,Mathematics,,,
lxiii.charity,available,52,2%,5,Mathematics,,,
xcviii.charity,available,52,1%,6,Mathematics,,,
repugnant.charity,available,52,1%,9,Humanities,,,
decumbent.charity,available,52,1%,9,"Healthcare,Medicine,Science",,,
acapnic.charity,available,50,0%,7,"Healthcare,Medicine,Science",,,
acetous.charity,available,50,1%,7,Science,,,
acerb.charity,available,50,2%,5,Science,,,
scummy.charity,available,50,1%,6,Humanities,,,
vinegary.charity,available,50,1%,8,Food and Beverage,,,
acerose.charity,available,50,1%,7,Science,,,
broached.charity,available,50,0%,8,Food and Beverage,,,
abdicable.charity,available,50,0%,9,Law,,,
aborticide.charity,available,50,0%,10,Medicine,,,
aculeated.charity,available,50,0%,9,"Engineering,Medicine,Science",,,
adactylous.charity,available,50,0%,10,Science,,,
gillless.charity,available,50,0%,9,Science,,,
abducting.charity,available,50,0%,9,Medicine,,,
acaudal.charity,available,50,1%,7,"Agriculture,Science",,,
adhominem.charity,available,50,2%,10,"Humanities,Law,Politics",,,
triplet.charity,available,50,8%,7,Science,,,
acquitted.charity,available,50,1%,9,Law,,,
abactinal.charity,available,50,0%,9,Science,,,
abranchial.charity,available,50,0%,10,Science,,,
abomasal.charity,available,50,0%,8,Agriculture,,,
cinque.charity,available,50,7%,6,Mathematics,,,
acellular.charity,available,50,1%,9,Science,,,
spinous.charity,available,50,1%,7,"Agriculture,Science",,,
needlelike.charity,available,50,0%,10,"Engineering,Medicine,Science",,,
ogdoad.charity,available,50,1%,6,Mathematics,,,
quint.charity,available,50,13%,5,"Arts,Entertainment",,,
abbatial.charity,available,50,0%,8,Religion,,,
trine.charity,available,50,11%,5,"General,Religion",,,
acetose.charity,available,50,1%,7,Science,,,
acapnotic.charity,available,50,0%,9,"Healthcare,Medicine,Science",,,
acerbic.charity,available,50,2%,7,"Arts,Humanities,Media",,,
lxx.charity,available,50,5%,3,Mathematics,,,
lxxxviii.charity,available,48,1%,8,Mathematics,,,
abstracted.charity,available,48,5%,10,"Arts,Humanities,Science",,,
execrable.charity,available,48,0%,9,"Entertainment,Humanities",,,
notguilty.charity,available,48,5%,10,Law,,,
ilxxx.charity,available,48,1%,5,Mathematics,,,
apriori.charity,available,48,13%,8,Mathematics,,,
ilxx.charity,available,48,1%,4,Mathematics,,,
abyssal.charity,available,48,12%,7,"Arts,Entertainment,Media",,,
acetabular.charity,available,46,1%,10,Science,,,
achromous.charity,available,46,1%,9,Science,,,
acarpous.charity,available,46,0%,8,"Agriculture,Science",,,
vinegarish.charity,available,46,1%,10,Food and Beverage,,,
acheronian.charity,available,46,1%,10,Humanities,,,
acaudate.charity,available,46,1%,8,"Agriculture,Science",,,
acephalous.charity,available,46,1%,10,Science,,,
acanthoid.charity,available,46,1%,9,"Agriculture,Science",,,
acetonic.charity,available,46,1%,8,Science,,,
stripling.charity,available,46,2%,9,"Education,Entertainment,Healthcare",,,
achromic.charity,available,46,2%,8,Science,,,
cotyloid.charity,available,46,1%,8,Science,,,
achenial.charity,available,46,1%,8,Science,,,
stemless.charity,available,46,2%,8,"Agriculture,Science",,,
acarpelous.charity,available,46,0%,10,"Agriculture,Science",,,
acetylenic.charity,available,46,1%,10,Science,,,
acetylic.charity,available,46,1%,8,Science,,,
acicular.charity,available,46,2%,8,Science,,,
acapnial.charity,available,46,0%,8,"Healthcare,Medicine,Science",,,
acanthous.charity,available,46,0%,9,"Agriculture,Science",,,
quaternary.charity,available,46,3%,10,Mathematics,,,
acanthotic.charity,available,46,0%,10,"Agriculture,Science",,,
theabsurd.charity,available,46,1%,10,"Arts,Entertainment,Media",,,
acherontic.charity,available,44,1%,10,Humanities,,,
cotyloidal.charity,available,44,1%,10,Science,,,
accusatory.charity,available,44,1%,10,Law,,,
abscessed.charity,available,41,0%,9,Healthcare,,,
phoebe.charity,available,41,14%,6,Science,,,
accurst.charity,available,40,1%,7,Religion,,,
scurrilous.charity,available,40,1%,10,"Entertainment,Media,Politics",,,
accusive.charity,available,40,1%,8,Law,,,